"location","activity","date","change","value","source"
"Greater London","Workplaces",2020-02-27,0,100,"Google"
"Greater London","Residential",2020-02-27,1,101,"Google"
"Greater London","Workplaces",2020-02-28,0,100,"Google"
"Greater London","Residential",2020-02-28,1,101,"Google"
"Greater London","Workplaces",2020-02-29,0,100,"Google"
"Greater London","Residential",2020-02-29,1,101,"Google"
"Greater London","Workplaces",2020-03-01,1,101,"Google"
"Greater London","Residential",2020-03-01,-1,99,"Google"
"Greater London","Workplaces",2020-03-02,1,101,"Google"
"Greater London","Residential",2020-03-02,0,100,"Google"
"Greater London","Workplaces",2020-03-03,1,101,"Google"
"Greater London","Residential",2020-03-03,0,100,"Google"
"Greater London","Workplaces",2020-03-04,0,100,"Google"
"Greater London","Residential",2020-03-04,1,101,"Google"
"Greater London","Workplaces",2020-03-05,-1,99,"Google"
"Greater London","Residential",2020-03-05,2,102,"Google"
"Greater London","Workplaces",2020-03-06,0,100,"Google"
"Greater London","Residential",2020-03-06,1,101,"Google"
"Greater London","Workplaces",2020-03-07,1,101,"Google"
"Greater London","Residential",2020-03-07,0,100,"Google"
"Greater London","Workplaces",2020-03-08,0,100,"Google"
"Greater London","Residential",2020-03-08,0,100,"Google"
"Greater London","Workplaces",2020-03-09,-1,99,"Google"
"Greater London","Residential",2020-03-09,1,101,"Google"
"Greater London","Workplaces",2020-03-10,-2,98,"Google"
"Greater London","Residential",2020-03-10,2,102,"Google"
"Greater London","Workplaces",2020-03-11,-3,97,"Google"
"Greater London","Residential",2020-03-11,2,102,"Google"
"Greater London","Workplaces",2020-03-12,-5,95,"Google"
"Greater London","Residential",2020-03-12,3,103,"Google"
"Greater London","Workplaces",2020-03-13,-9,91,"Google"
"Greater London","Residential",2020-03-13,5,105,"Google"
"Greater London","Workplaces",2020-03-14,-4,96,"Google"
"Greater London","Residential",2020-03-14,4,104,"Google"
"Greater London","Workplaces",2020-03-15,-7,93,"Google"
"Greater London","Residential",2020-03-15,4,104,"Google"
"Greater London","Workplaces",2020-03-16,-18,82,"Google"
"Greater London","Residential",2020-03-16,7,107,"Google"
"Greater London","Workplaces",2020-03-17,-29,71,"Google"
"Greater London","Residential",2020-03-17,12,112,"Google"
"Greater London","Workplaces",2020-03-18,-36,64,"Google"
"Greater London","Residential",2020-03-18,16,116,"Google"
"Greater London","Workplaces",2020-03-19,-41,59,"Google"
"Greater London","Residential",2020-03-19,18,118,"Google"
"Greater London","Workplaces",2020-03-20,-44,56,"Google"
"Greater London","Residential",2020-03-20,20,120,"Google"
"Greater London","Workplaces",2020-03-21,-34,66,"Google"
"Greater London","Residential",2020-03-21,15,115,"Google"
"Greater London","Workplaces",2020-03-22,-40,60,"Google"
"Greater London","Residential",2020-03-22,13,113,"Google"
"Greater London","Workplaces",2020-03-23,-60,40,"Google"
"Greater London","Residential",2020-03-23,25,125,"Google"
"Greater London","Workplaces",2020-03-24,-70,30,"Google"
"Greater London","Residential",2020-03-24,31,131,"Google"
"Greater London","Workplaces",2020-03-25,-73,27,"Google"
"Greater London","Residential",2020-03-25,33,133,"Google"
"Greater London","Workplaces",2020-03-26,-75,25,"Google"
"Greater London","Residential",2020-03-26,34,134,"Google"
"Greater London","Workplaces",2020-03-27,-75,25,"Google"
"Greater London","Residential",2020-03-27,35,135,"Google"
"Greater London","Workplaces",2020-03-28,-63,37,"Google"
"Greater London","Residential",2020-03-28,23,123,"Google"
"Greater London","Workplaces",2020-03-29,-62,38,"Google"
"Greater London","Residential",2020-03-29,19,119,"Google"
"Greater London","Workplaces",2020-03-30,-77,23,"Google"
"Greater London","Residential",2020-03-30,33,133,"Google"
"Greater London","Workplaces",2020-03-31,-78,22,"Google"
"Greater London","Residential",2020-03-31,34,134,"Google"
"Greater London","Workplaces",2020-04-01,-78,22,"Google"
"Greater London","Residential",2020-04-01,35,135,"Google"
"Greater London","Workplaces",2020-04-02,-78,22,"Google"
"Greater London","Residential",2020-04-02,36,136,"Google"
"Greater London","Workplaces",2020-04-03,-77,23,"Google"
"Greater London","Residential",2020-04-03,36,136,"Google"
"Greater London","Workplaces",2020-04-04,-63,37,"Google"
"Greater London","Residential",2020-04-04,23,123,"Google"
"Greater London","Workplaces",2020-04-05,-61,39,"Google"
"Greater London","Residential",2020-04-05,18,118,"Google"
"Greater London","Workplaces",2020-04-06,-77,23,"Google"
"Greater London","Residential",2020-04-06,33,133,"Google"
"Greater London","Workplaces",2020-04-07,-78,22,"Google"
"Greater London","Residential",2020-04-07,34,134,"Google"
"Greater London","Workplaces",2020-04-08,-78,22,"Google"
"Greater London","Residential",2020-04-08,34,134,"Google"
"Greater London","Workplaces",2020-04-09,-78,22,"Google"
"Greater London","Residential",2020-04-09,34,134,"Google"
"Greater London","Workplaces",2020-04-10,-85,15,"Google"
"Greater London","Residential",2020-04-10,38,138,"Google"
"Greater London","Workplaces",2020-04-11,-64,36,"Google"
"Greater London","Residential",2020-04-11,23,123,"Google"
"Greater London","Workplaces",2020-04-12,-64,36,"Google"
"Greater London","Residential",2020-04-12,19,119,"Google"
"Greater London","Workplaces",2020-04-13,-87,13,"Google"
"Greater London","Residential",2020-04-13,37,137,"Google"
"Greater London","Workplaces",2020-04-14,-77,23,"Google"
"Greater London","Residential",2020-04-14,33,133,"Google"
"Greater London","Workplaces",2020-04-15,-77,23,"Google"
"Greater London","Residential",2020-04-15,34,134,"Google"
"Greater London","Workplaces",2020-04-16,-76,24,"Google"
"Greater London","Residential",2020-04-16,34,134,"Google"
"Greater London","Workplaces",2020-04-17,-75,25,"Google"
"Greater London","Residential",2020-04-17,36,136,"Google"
"Greater London","Workplaces",2020-04-18,-59,41,"Google"
"Greater London","Residential",2020-04-18,23,123,"Google"
"Greater London","Workplaces",2020-04-19,-56,44,"Google"
"Greater London","Residential",2020-04-19,17,117,"Google"
"Greater London","Workplaces",2020-04-20,-75,25,"Google"
"Greater London","Residential",2020-04-20,32,132,"Google"
"Greater London","Workplaces",2020-04-21,-75,25,"Google"
"Greater London","Residential",2020-04-21,33,133,"Google"
"Greater London","Workplaces",2020-04-22,-74,26,"Google"
"Greater London","Residential",2020-04-22,33,133,"Google"
"Greater London","Workplaces",2020-04-23,-74,26,"Google"
"Greater London","Residential",2020-04-23,33,133,"Google"
"Greater London","Workplaces",2020-04-24,-73,27,"Google"
"Greater London","Residential",2020-04-24,34,134,"Google"
"Greater London","Workplaces",2020-04-25,-57,43,"Google"
"Greater London","Residential",2020-04-25,21,121,"Google"
"Greater London","Workplaces",2020-04-26,-54,46,"Google"
"Greater London","Residential",2020-04-26,16,116,"Google"
"Greater London","Workplaces",2020-04-27,-73,27,"Google"
"Greater London","Residential",2020-04-27,31,131,"Google"
"Greater London","Workplaces",2020-04-28,-75,25,"Google"
"Greater London","Residential",2020-04-28,32,132,"Google"
"Greater London","Workplaces",2020-04-29,-73,27,"Google"
"Greater London","Residential",2020-04-29,33,133,"Google"
"Greater London","Workplaces",2020-04-30,-74,26,"Google"
"Greater London","Residential",2020-04-30,34,134,"Google"
"Greater London","Workplaces",2020-05-01,-72,28,"Google"
"Greater London","Residential",2020-05-01,34,134,"Google"
"Greater London","Workplaces",2020-05-02,-54,46,"Google"
"Greater London","Residential",2020-05-02,20,120,"Google"
"Greater London","Workplaces",2020-05-03,-53,47,"Google"
"Greater London","Residential",2020-05-03,17,117,"Google"
"Greater London","Workplaces",2020-05-04,-72,28,"Google"
"Greater London","Residential",2020-05-04,30,130,"Google"
"Greater London","Workplaces",2020-05-05,-72,28,"Google"
"Greater London","Residential",2020-05-05,31,131,"Google"
"Greater London","Workplaces",2020-05-06,-71,29,"Google"
"Greater London","Residential",2020-05-06,31,131,"Google"
"Greater London","Workplaces",2020-05-07,-71,29,"Google"
"Greater London","Residential",2020-05-07,31,131,"Google"
"Greater London","Workplaces",2020-05-08,-81,19,"Google"
"Greater London","Residential",2020-05-08,35,135,"Google"
"Greater London","Workplaces",2020-05-09,-53,47,"Google"
"Greater London","Residential",2020-05-09,19,119,"Google"
"Greater London","Workplaces",2020-05-10,-51,49,"Google"
"Greater London","Residential",2020-05-10,17,117,"Google"
"Greater London","Workplaces",2020-05-11,-71,29,"Google"
"Greater London","Residential",2020-05-11,30,130,"Google"
"Greater London","Workplaces",2020-05-12,-70,30,"Google"
"Greater London","Residential",2020-05-12,30,130,"Google"
"Greater London","Workplaces",2020-05-13,-70,30,"Google"
"Greater London","Residential",2020-05-13,31,131,"Google"
"Greater London","Workplaces",2020-05-14,-70,30,"Google"
"Greater London","Residential",2020-05-14,30,130,"Google"
"Greater London","Workplaces",2020-05-15,-68,32,"Google"
"Greater London","Residential",2020-05-15,30,130,"Google"
"Greater London","Workplaces",2020-05-16,-49,51,"Google"
"Greater London","Residential",2020-05-16,18,118,"Google"
"Greater London","Workplaces",2020-05-17,-46,54,"Google"
"Greater London","Residential",2020-05-17,14,114,"Google"
"Greater London","Workplaces",2020-05-18,-68,32,"Google"
"Greater London","Residential",2020-05-18,28,128,"Google"
"Greater London","Workplaces",2020-05-19,-68,32,"Google"
"Greater London","Residential",2020-05-19,28,128,"Google"
"Greater London","Workplaces",2020-05-20,-68,32,"Google"
"Greater London","Residential",2020-05-20,28,128,"Google"
"Greater London","Workplaces",2020-05-21,-68,32,"Google"
"Greater London","Residential",2020-05-21,29,129,"Google"
"Greater London","Workplaces",2020-05-22,-66,34,"Google"
"Greater London","Residential",2020-05-22,29,129,"Google"
"Greater London","Workplaces",2020-05-23,-45,55,"Google"
"Greater London","Residential",2020-05-23,18,118,"Google"
"Greater London","Workplaces",2020-05-24,-43,57,"Google"
"Greater London","Residential",2020-05-24,12,112,"Google"
"Greater London","Workplaces",2020-05-25,-82,18,"Google"
"Greater London","Residential",2020-05-25,28,128,"Google"
"Greater London","Workplaces",2020-05-26,-67,33,"Google"
"Greater London","Residential",2020-05-26,27,127,"Google"
"Greater London","Workplaces",2020-05-27,-66,34,"Google"
"Greater London","Residential",2020-05-27,27,127,"Google"
"Greater London","Workplaces",2020-05-28,-66,34,"Google"
"Greater London","Residential",2020-05-28,28,128,"Google"
"Greater London","Workplaces",2020-05-29,-64,36,"Google"
"Greater London","Residential",2020-05-29,27,127,"Google"
"Greater London","Workplaces",2020-05-30,-35,65,"Google"
"Greater London","Residential",2020-05-30,14,114,"Google"
"Greater London","Workplaces",2020-05-31,-33,67,"Google"
"Greater London","Residential",2020-05-31,11,111,"Google"
"Greater London","Workplaces",2020-06-01,-63,37,"Google"
"Greater London","Residential",2020-06-01,25,125,"Google"
"Greater London","Workplaces",2020-06-02,-63,37,"Google"
"Greater London","Residential",2020-06-02,25,125,"Google"
"Greater London","Workplaces",2020-06-03,-63,37,"Google"
"Greater London","Residential",2020-06-03,27,127,"Google"
"Greater London","Workplaces",2020-06-04,-63,37,"Google"
"Greater London","Residential",2020-06-04,28,128,"Google"
"Greater London","Workplaces",2020-06-05,-62,38,"Google"
"Greater London","Residential",2020-06-05,28,128,"Google"
"Greater London","Workplaces",2020-06-06,-38,62,"Google"
"Greater London","Residential",2020-06-06,17,117,"Google"
"Greater London","Workplaces",2020-06-07,-35,65,"Google"
"Greater London","Residential",2020-06-07,12,112,"Google"
"Greater London","Workplaces",2020-06-08,-61,39,"Google"
"Greater London","Residential",2020-06-08,25,125,"Google"
"Greater London","Workplaces",2020-06-09,-61,39,"Google"
"Greater London","Residential",2020-06-09,25,125,"Google"
"Greater London","Workplaces",2020-06-10,-62,38,"Google"
"Greater London","Residential",2020-06-10,28,128,"Google"
"Greater London","Workplaces",2020-06-11,-62,38,"Google"
"Greater London","Residential",2020-06-11,27,127,"Google"
"Greater London","Workplaces",2020-06-12,-60,40,"Google"
"Greater London","Residential",2020-06-12,27,127,"Google"
"Greater London","Workplaces",2020-06-13,-28,72,"Google"
"Greater London","Residential",2020-06-13,12,112,"Google"
"Greater London","Workplaces",2020-06-14,-27,73,"Google"
"Greater London","Residential",2020-06-14,10,110,"Google"
"Greater London","Workplaces",2020-06-15,-59,41,"Google"
"Greater London","Residential",2020-06-15,23,123,"Google"
"Greater London","Workplaces",2020-06-16,-60,40,"Google"
"Greater London","Residential",2020-06-16,24,124,"Google"
"Greater London","Workplaces",2020-06-17,-60,40,"Google"
"Greater London","Residential",2020-06-17,25,125,"Google"
"Greater London","Workplaces",2020-06-18,-61,39,"Google"
"Greater London","Residential",2020-06-18,26,126,"Google"
"Greater London","Workplaces",2020-06-19,-58,42,"Google"
"Greater London","Residential",2020-06-19,24,124,"Google"
"Greater London","Workplaces",2020-06-20,-25,75,"Google"
"Greater London","Residential",2020-06-20,11,111,"Google"
"Greater London","Workplaces",2020-06-21,-23,77,"Google"
"Greater London","Residential",2020-06-21,9,109,"Google"
"Greater London","Workplaces",2020-06-22,-60,40,"Google"
"Greater London","Residential",2020-06-22,22,122,"Google"
"Greater London","Workplaces",2020-06-23,-60,40,"Google"
"Greater London","Residential",2020-06-23,22,122,"Google"
"Greater London","Workplaces",2020-06-24,-58,42,"Google"
"Greater London","Residential",2020-06-24,22,122,"Google"
"Greater London","Workplaces",2020-06-25,-59,41,"Google"
"Greater London","Residential",2020-06-25,22,122,"Google"
"Greater London","Workplaces",2020-06-26,-57,43,"Google"
"Greater London","Residential",2020-06-26,22,122,"Google"
"Greater London","Workplaces",2020-06-27,-29,71,"Google"
"Greater London","Residential",2020-06-27,12,112,"Google"
"Greater London","Workplaces",2020-06-28,-22,78,"Google"
"Greater London","Residential",2020-06-28,9,109,"Google"
"Greater London","Workplaces",2020-06-29,-58,42,"Google"
"Greater London","Residential",2020-06-29,22,122,"Google"
"Greater London","Workplaces",2020-06-30,-58,42,"Google"
"Greater London","Residential",2020-06-30,23,123,"Google"
"Greater London","Workplaces",2020-07-01,-57,43,"Google"
"Greater London","Residential",2020-07-01,23,123,"Google"
"Greater London","Workplaces",2020-07-02,-58,42,"Google"
"Greater London","Residential",2020-07-02,23,123,"Google"
"Greater London","Workplaces",2020-07-03,-56,44,"Google"
"Greater London","Residential",2020-07-03,22,122,"Google"
"Greater London","Workplaces",2020-07-04,-23,77,"Google"
"Greater London","Residential",2020-07-04,10,110,"Google"
"Greater London","Workplaces",2020-07-05,-20,80,"Google"
"Greater London","Residential",2020-07-05,7,107,"Google"
"Greater London","Workplaces",2020-07-06,-57,43,"Google"
"Greater London","Residential",2020-07-06,20,120,"Google"
"Greater London","Workplaces",2020-07-07,-58,42,"Google"
"Greater London","Residential",2020-07-07,21,121,"Google"
"Greater London","Workplaces",2020-07-08,-57,43,"Google"
"Greater London","Residential",2020-07-08,22,122,"Google"
"Greater London","Workplaces",2020-07-09,-57,43,"Google"
"Greater London","Residential",2020-07-09,22,122,"Google"
"Greater London","Workplaces",2020-07-10,-55,45,"Google"
"Greater London","Residential",2020-07-10,19,119,"Google"
"Greater London","Workplaces",2020-07-11,-20,80,"Google"
"Greater London","Residential",2020-07-11,7,107,"Google"
"Greater London","Workplaces",2020-07-12,-17,83,"Google"
"Greater London","Residential",2020-07-12,5,105,"Google"
"Greater London","Workplaces",2020-07-13,-56,44,"Google"
"Greater London","Residential",2020-07-13,19,119,"Google"
"Greater London","Workplaces",2020-07-14,-57,43,"Google"
"Greater London","Residential",2020-07-14,20,120,"Google"
"Greater London","Workplaces",2020-07-15,-55,45,"Google"
"Greater London","Residential",2020-07-15,20,120,"Google"
"Greater London","Workplaces",2020-07-16,-55,45,"Google"
"Greater London","Residential",2020-07-16,20,120,"Google"
"Greater London","Workplaces",2020-07-17,-53,47,"Google"
"Greater London","Residential",2020-07-17,17,117,"Google"
"Greater London","Workplaces",2020-07-18,-19,81,"Google"
"Greater London","Residential",2020-07-18,6,106,"Google"
"Greater London","Workplaces",2020-07-19,-18,82,"Google"
"Greater London","Residential",2020-07-19,6,106,"Google"
"Greater London","Workplaces",2020-07-20,-57,43,"Google"
"Greater London","Residential",2020-07-20,18,118,"Google"
"Greater London","Workplaces",2020-07-21,-58,42,"Google"
"Greater London","Residential",2020-07-21,18,118,"Google"
"Greater London","Workplaces",2020-07-22,-56,44,"Google"
"Greater London","Residential",2020-07-22,19,119,"Google"
"Greater London","Workplaces",2020-07-23,-56,44,"Google"
"Greater London","Residential",2020-07-23,19,119,"Google"
"Greater London","Workplaces",2020-07-24,-55,45,"Google"
"Greater London","Residential",2020-07-24,18,118,"Google"
"Greater London","Workplaces",2020-07-25,-21,79,"Google"
"Greater London","Residential",2020-07-25,8,108,"Google"
"Greater London","Workplaces",2020-07-26,-15,85,"Google"
"Greater London","Residential",2020-07-26,5,105,"Google"
"Greater London","Workplaces",2020-07-27,-59,41,"Google"
"Greater London","Residential",2020-07-27,19,119,"Google"
"Greater London","Workplaces",2020-07-28,-58,42,"Google"
"Greater London","Residential",2020-07-28,18,118,"Google"
"Greater London","Workplaces",2020-07-29,-57,43,"Google"
"Greater London","Residential",2020-07-29,18,118,"Google"
"Greater London","Workplaces",2020-07-30,-58,42,"Google"
"Greater London","Residential",2020-07-30,17,117,"Google"
"Greater London","Workplaces",2020-07-31,-57,43,"Google"
"Greater London","Residential",2020-07-31,15,115,"Google"
"Greater London","Workplaces",2020-08-01,-19,81,"Google"
"Greater London","Residential",2020-08-01,4,104,"Google"
"Greater London","Workplaces",2020-08-02,-15,85,"Google"
"Greater London","Residential",2020-08-02,3,103,"Google"
"Greater London","Workplaces",2020-08-03,-58,42,"Google"
"Greater London","Residential",2020-08-03,16,116,"Google"
"Greater London","Workplaces",2020-08-04,-58,42,"Google"
"Greater London","Residential",2020-08-04,17,117,"Google"
"Greater London","Workplaces",2020-08-05,-57,43,"Google"
"Greater London","Residential",2020-08-05,17,117,"Google"
"Greater London","Workplaces",2020-08-06,-58,42,"Google"
"Greater London","Residential",2020-08-06,17,117,"Google"
"Greater London","Workplaces",2020-08-07,-56,44,"Google"
"Greater London","Residential",2020-08-07,16,116,"Google"
"Greater London","Workplaces",2020-08-08,-20,80,"Google"
"Greater London","Residential",2020-08-08,4,104,"Google"
"Greater London","Workplaces",2020-08-09,-15,85,"Google"
"Greater London","Residential",2020-08-09,2,102,"Google"
"Greater London","Workplaces",2020-08-10,-58,42,"Google"
"Greater London","Residential",2020-08-10,15,115,"Google"
"Greater London","Workplaces",2020-08-11,-58,42,"Google"
"Greater London","Residential",2020-08-11,16,116,"Google"
"Greater London","Workplaces",2020-08-12,-57,43,"Google"
"Greater London","Residential",2020-08-12,17,117,"Google"
"Greater London","Workplaces",2020-08-13,-58,42,"Google"
"Greater London","Residential",2020-08-13,18,118,"Google"
"Greater London","Workplaces",2020-08-14,-56,44,"Google"
"Greater London","Residential",2020-08-14,17,117,"Google"
"Greater London","Workplaces",2020-08-15,-21,79,"Google"
"Greater London","Residential",2020-08-15,6,106,"Google"
"Greater London","Workplaces",2020-08-16,-16,84,"Google"
"Greater London","Residential",2020-08-16,4,104,"Google"
"Greater London","Workplaces",2020-08-17,-58,42,"Google"
"Greater London","Residential",2020-08-17,16,116,"Google"
"Greater London","Workplaces",2020-08-18,-56,44,"Google"
"Greater London","Residential",2020-08-18,16,116,"Google"
"Greater London","Workplaces",2020-08-19,-57,43,"Google"
"Greater London","Residential",2020-08-19,18,118,"Google"
"Greater London","Workplaces",2020-08-20,-56,44,"Google"
"Greater London","Residential",2020-08-20,16,116,"Google"
"Greater London","Workplaces",2020-08-21,-55,45,"Google"
"Greater London","Residential",2020-08-21,16,116,"Google"
"Greater London","Workplaces",2020-08-22,-17,83,"Google"
"Greater London","Residential",2020-08-22,4,104,"Google"
"Greater London","Workplaces",2020-08-23,-14,86,"Google"
"Greater London","Residential",2020-08-23,3,103,"Google"
"Greater London","Workplaces",2020-08-24,-56,44,"Google"
"Greater London","Residential",2020-08-24,15,115,"Google"
"Greater London","Workplaces",2020-08-25,-57,43,"Google"
"Greater London","Residential",2020-08-25,17,117,"Google"
"Greater London","Workplaces",2020-08-26,-54,46,"Google"
"Greater London","Residential",2020-08-26,15,115,"Google"
"Greater London","Workplaces",2020-08-27,-56,44,"Google"
"Greater London","Residential",2020-08-27,17,117,"Google"
"Greater London","Workplaces",2020-08-28,-55,45,"Google"
"Greater London","Residential",2020-08-28,15,115,"Google"
"Greater London","Workplaces",2020-08-29,-19,81,"Google"
"Greater London","Residential",2020-08-29,5,105,"Google"
"Greater London","Workplaces",2020-08-30,-15,85,"Google"
"Greater London","Residential",2020-08-30,2,102,"Google"
"Greater London","Workplaces",2020-08-31,-74,26,"Google"
"Greater London","Residential",2020-08-31,17,117,"Google"
"Greater London","Workplaces",2020-09-01,-56,44,"Google"
"Greater London","Residential",2020-09-01,15,115,"Google"
"Greater London","Workplaces",2020-09-02,-54,46,"Google"
"Greater London","Residential",2020-09-02,16,116,"Google"
"Greater London","Workplaces",2020-09-03,-54,46,"Google"
"Greater London","Residential",2020-09-03,16,116,"Google"
"Greater London","Workplaces",2020-09-04,-51,49,"Google"
"Greater London","Residential",2020-09-04,14,114,"Google"
"Greater London","Workplaces",2020-09-05,-17,83,"Google"
"Greater London","Residential",2020-09-05,4,104,"Google"
"Greater London","Workplaces",2020-09-06,-15,85,"Google"
"Greater London","Residential",2020-09-06,3,103,"Google"
"Greater London","Workplaces",2020-09-07,-54,46,"Google"
"Greater London","Residential",2020-09-07,14,114,"Google"
"Greater London","Workplaces",2020-09-08,-54,46,"Google"
"Greater London","Residential",2020-09-08,14,114,"Google"
"Greater London","Workplaces",2020-09-09,-51,49,"Google"
"Greater London","Residential",2020-09-09,14,114,"Google"
"Greater London","Workplaces",2020-09-10,-51,49,"Google"
"Greater London","Residential",2020-09-10,14,114,"Google"
"Greater London","Workplaces",2020-09-11,-49,51,"Google"
"Greater London","Residential",2020-09-11,12,112,"Google"
"Greater London","Workplaces",2020-09-12,-16,84,"Google"
"Greater London","Residential",2020-09-12,4,104,"Google"
"Greater London","Workplaces",2020-09-13,-13,87,"Google"
"Greater London","Residential",2020-09-13,2,102,"Google"
"Greater London","Workplaces",2020-09-14,-47,53,"Google"
"Greater London","Residential",2020-09-14,12,112,"Google"
"Greater London","Workplaces",2020-09-15,-48,52,"Google"
"Greater London","Residential",2020-09-15,13,113,"Google"
"Greater London","Workplaces",2020-09-16,-47,53,"Google"
"Greater London","Residential",2020-09-16,14,114,"Google"
"Greater London","Workplaces",2020-09-17,-47,53,"Google"
"Greater London","Residential",2020-09-17,13,113,"Google"
"Greater London","Workplaces",2020-09-18,-45,55,"Google"
"Greater London","Residential",2020-09-18,12,112,"Google"
"Greater London","Workplaces",2020-09-19,-16,84,"Google"
"Greater London","Residential",2020-09-19,5,105,"Google"
"Greater London","Workplaces",2020-09-20,-14,86,"Google"
"Greater London","Residential",2020-09-20,3,103,"Google"
"Greater London","Workplaces",2020-09-21,-48,52,"Google"
"Greater London","Residential",2020-09-21,13,113,"Google"
"Greater London","Workplaces",2020-09-22,-48,52,"Google"
"Greater London","Residential",2020-09-22,13,113,"Google"
"Greater London","Workplaces",2020-09-23,-46,54,"Google"
"Greater London","Residential",2020-09-23,15,115,"Google"
"Greater London","Workplaces",2020-09-24,-47,53,"Google"
"Greater London","Residential",2020-09-24,15,115,"Google"
"Greater London","Workplaces",2020-09-25,-45,55,"Google"
"Greater London","Residential",2020-09-25,14,114,"Google"
"Greater London","Workplaces",2020-09-26,-16,84,"Google"
"Greater London","Residential",2020-09-26,6,106,"Google"
"Greater London","Workplaces",2020-09-27,-16,84,"Google"
"Greater London","Residential",2020-09-27,6,106,"Google"
"Greater London","Workplaces",2020-09-28,-46,54,"Google"
"Greater London","Residential",2020-09-28,14,114,"Google"
"Greater London","Workplaces",2020-09-29,-46,54,"Google"
"Greater London","Residential",2020-09-29,15,115,"Google"
"Greater London","Workplaces",2020-09-30,-46,54,"Google"
"Greater London","Residential",2020-09-30,15,115,"Google"
"Greater London","Workplaces",2020-10-01,-44,56,"Google"
"Greater London","Residential",2020-10-01,15,115,"Google"
"Greater London","Workplaces",2020-10-02,-44,56,"Google"
"Greater London","Residential",2020-10-02,16,116,"Google"
"Greater London","Workplaces",2020-10-03,-17,83,"Google"
"Greater London","Residential",2020-10-03,8,108,"Google"
"Greater London","Workplaces",2020-10-04,-17,83,"Google"
"Greater London","Residential",2020-10-04,7,107,"Google"
"Greater London","Workplaces",2020-10-05,-45,55,"Google"
"Greater London","Residential",2020-10-05,14,114,"Google"
"Greater London","Workplaces",2020-10-06,-46,54,"Google"
"Greater London","Residential",2020-10-06,15,115,"Google"
"Greater London","Workplaces",2020-10-07,-44,56,"Google"
"Greater London","Residential",2020-10-07,14,114,"Google"
"Greater London","Workplaces",2020-10-08,-45,55,"Google"
"Greater London","Residential",2020-10-08,15,115,"Google"
"Greater London","Workplaces",2020-10-09,-42,58,"Google"
"Greater London","Residential",2020-10-09,14,114,"Google"
"Greater London","Workplaces",2020-10-10,-14,86,"Google"
"Greater London","Residential",2020-10-10,7,107,"Google"
"Greater London","Workplaces",2020-10-11,-13,87,"Google"
"Greater London","Residential",2020-10-11,5,105,"Google"
"Greater London","Workplaces",2020-10-12,-45,55,"Google"
"Greater London","Residential",2020-10-12,15,115,"Google"
"Greater London","Workplaces",2020-10-13,-45,55,"Google"
"Greater London","Residential",2020-10-13,16,116,"Google"
"Greater London","Workplaces",2020-10-14,-43,57,"Google"
"Greater London","Residential",2020-10-14,15,115,"Google"
"Greater London","Workplaces",2020-10-15,-43,57,"Google"
"Greater London","Residential",2020-10-15,15,115,"Google"
"Greater London","Workplaces",2020-10-16,-41,59,"Google"
"Greater London","Residential",2020-10-16,14,114,"Google"
"Greater London","Workplaces",2020-10-17,-15,85,"Google"
"Greater London","Residential",2020-10-17,8,108,"Google"
"Greater London","Workplaces",2020-10-18,-15,85,"Google"
"Greater London","Residential",2020-10-18,7,107,"Google"
"Greater London","Workplaces",2020-10-19,-46,54,"Google"
"Greater London","Residential",2020-10-19,16,116,"Google"
"Greater London","Workplaces",2020-10-20,-46,54,"Google"
"Greater London","Residential",2020-10-20,16,116,"Google"
"Greater London","Workplaces",2020-10-21,-46,54,"Google"
"Greater London","Residential",2020-10-21,18,118,"Google"
"Greater London","Workplaces",2020-10-22,-45,55,"Google"
"Greater London","Residential",2020-10-22,16,116,"Google"
"Greater London","Workplaces",2020-10-23,-44,56,"Google"
"Greater London","Residential",2020-10-23,16,116,"Google"
"Greater London","Workplaces",2020-10-24,-15,85,"Google"
"Greater London","Residential",2020-10-24,8,108,"Google"
"Greater London","Workplaces",2020-10-25,-14,86,"Google"
"Greater London","Residential",2020-10-25,6,106,"Google"
"Greater London","Workplaces",2020-10-26,-53,47,"Google"
"Greater London","Residential",2020-10-26,17,117,"Google"
"Greater London","Workplaces",2020-10-27,-54,46,"Google"
"Greater London","Residential",2020-10-27,18,118,"Google"
"Greater London","Workplaces",2020-10-28,-52,48,"Google"
"Greater London","Residential",2020-10-28,18,118,"Google"
"Greater London","Workplaces",2020-10-29,-53,47,"Google"
"Greater London","Residential",2020-10-29,19,119,"Google"
"Greater London","Workplaces",2020-10-30,-50,50,"Google"
"Greater London","Residential",2020-10-30,17,117,"Google"
"Greater London","Workplaces",2020-10-31,-15,85,"Google"
"Greater London","Residential",2020-10-31,8,108,"Google"
"Greater London","Workplaces",2020-11-01,-12,88,"Google"
"Greater London","Residential",2020-11-01,5,105,"Google"
"Greater London","Workplaces",2020-11-02,-44,56,"Google"
"Greater London","Residential",2020-11-02,14,114,"Google"
"Greater London","Workplaces",2020-11-03,-43,57,"Google"
"Greater London","Residential",2020-11-03,14,114,"Google"
"Greater London","Workplaces",2020-11-04,-41,59,"Google"
"Greater London","Residential",2020-11-04,12,112,"Google"
"Greater London","Workplaces",2020-11-05,-50,50,"Google"
"Greater London","Residential",2020-11-05,21,121,"Google"
"Greater London","Workplaces",2020-11-06,-49,51,"Google"
"Greater London","Residential",2020-11-06,22,122,"Google"
"Greater London","Workplaces",2020-11-07,-33,67,"Google"
"Greater London","Residential",2020-11-07,15,115,"Google"
"Greater London","Workplaces",2020-11-08,-35,65,"Google"
"Greater London","Residential",2020-11-08,12,112,"Google"
"Greater London","Workplaces",2020-11-09,-51,49,"Google"
"Greater London","Residential",2020-11-09,20,120,"Google"
"Greater London","Workplaces",2020-11-10,-51,49,"Google"
"Greater London","Residential",2020-11-10,20,120,"Google"
"Greater London","Workplaces",2020-11-11,-50,50,"Google"
"Greater London","Residential",2020-11-11,21,121,"Google"
"Greater London","Workplaces",2020-11-12,-51,49,"Google"
"Greater London","Residential",2020-11-12,21,121,"Google"
"Greater London","Workplaces",2020-11-13,-49,51,"Google"
"Greater London","Residential",2020-11-13,21,121,"Google"
"Greater London","Workplaces",2020-11-14,-35,65,"Google"
"Greater London","Residential",2020-11-14,16,116,"Google"
"Greater London","Workplaces",2020-11-15,-36,64,"Google"
"Greater London","Residential",2020-11-15,12,112,"Google"
"Greater London","Workplaces",2020-11-16,-51,49,"Google"
"Greater London","Residential",2020-11-16,20,120,"Google"
"Greater London","Workplaces",2020-11-17,-51,49,"Google"
"Greater London","Residential",2020-11-17,20,120,"Google"
"Greater London","Workplaces",2020-11-18,-50,50,"Google"
"Greater London","Residential",2020-11-18,21,121,"Google"
"Greater London","Workplaces",2020-11-19,-51,49,"Google"
"Greater London","Residential",2020-11-19,22,122,"Google"
"Greater London","Workplaces",2020-11-20,-49,51,"Google"
"Greater London","Residential",2020-11-20,22,122,"Google"
"Greater London","Workplaces",2020-11-21,-32,68,"Google"
"Greater London","Residential",2020-11-21,14,114,"Google"
"Greater London","Workplaces",2020-11-22,-33,67,"Google"
"Greater London","Residential",2020-11-22,11,111,"Google"
"Greater London","Workplaces",2020-11-23,-50,50,"Google"
"Greater London","Residential",2020-11-23,20,120,"Google"
"Greater London","Workplaces",2020-11-24,-51,49,"Google"
"Greater London","Residential",2020-11-24,20,120,"Google"
"Greater London","Workplaces",2020-11-25,-49,51,"Google"
"Greater London","Residential",2020-11-25,21,121,"Google"
"Greater London","Workplaces",2020-11-26,-50,50,"Google"
"Greater London","Residential",2020-11-26,21,121,"Google"
"Greater London","Workplaces",2020-11-27,-49,51,"Google"
"Greater London","Residential",2020-11-27,21,121,"Google"
"Greater London","Workplaces",2020-11-28,-30,70,"Google"
"Greater London","Residential",2020-11-28,14,114,"Google"
"Greater London","Workplaces",2020-11-29,-32,68,"Google"
"Greater London","Residential",2020-11-29,11,111,"Google"
"Greater London","Workplaces",2020-11-30,-49,51,"Google"
"Greater London","Residential",2020-11-30,19,119,"Google"
"Greater London","Workplaces",2020-12-01,-48,52,"Google"
"Greater London","Residential",2020-12-01,19,119,"Google"
"Greater London","Workplaces",2020-12-02,-42,58,"Google"
"Greater London","Residential",2020-12-02,17,117,"Google"
"Greater London","Workplaces",2020-12-03,-44,56,"Google"
"Greater London","Residential",2020-12-03,18,118,"Google"
"Greater London","Workplaces",2020-12-04,-42,58,"Google"
"Greater London","Residential",2020-12-04,16,116,"Google"
"Greater London","Workplaces",2020-12-05,-14,86,"Google"
"Greater London","Residential",2020-12-05,8,108,"Google"
"Greater London","Workplaces",2020-12-06,-15,85,"Google"
"Greater London","Residential",2020-12-06,7,107,"Google"
"Greater London","Workplaces",2020-12-07,-45,55,"Google"
"Greater London","Residential",2020-12-07,16,116,"Google"
"Greater London","Workplaces",2020-12-08,-44,56,"Google"
"Greater London","Residential",2020-12-08,16,116,"Google"
"Greater London","Workplaces",2020-12-09,-43,57,"Google"
"Greater London","Residential",2020-12-09,16,116,"Google"
"Greater London","Workplaces",2020-12-10,-44,56,"Google"
"Greater London","Residential",2020-12-10,17,117,"Google"
"Greater London","Workplaces",2020-12-11,-42,58,"Google"
"Greater London","Residential",2020-12-11,16,116,"Google"
"Greater London","Workplaces",2020-12-12,-15,85,"Google"
"Greater London","Residential",2020-12-12,8,108,"Google"
"Greater London","Workplaces",2020-12-13,-16,84,"Google"
"Greater London","Residential",2020-12-13,8,108,"Google"
"Greater London","Workplaces",2020-12-14,-47,53,"Google"
"Greater London","Residential",2020-12-14,16,116,"Google"
"Greater London","Workplaces",2020-12-15,-46,54,"Google"
"Greater London","Residential",2020-12-15,15,115,"Google"
"Greater London","Workplaces",2020-12-16,-48,52,"Google"
"Greater London","Residential",2020-12-16,19,119,"Google"
"Greater London","Workplaces",2020-12-17,-50,50,"Google"
"Greater London","Residential",2020-12-17,19,119,"Google"
"Greater London","Workplaces",2020-12-18,-52,48,"Google"
"Greater London","Residential",2020-12-18,20,120,"Google"
"Greater London","Workplaces",2020-12-19,-22,78,"Google"
"Greater London","Residential",2020-12-19,11,111,"Google"
"Greater London","Workplaces",2020-12-20,-28,72,"Google"
"Greater London","Residential",2020-12-20,10,110,"Google"
"Greater London","Workplaces",2020-12-21,-63,37,"Google"
"Greater London","Residential",2020-12-21,23,123,"Google"
"Greater London","Workplaces",2020-12-22,-65,35,"Google"
"Greater London","Residential",2020-12-22,24,124,"Google"
"Greater London","Workplaces",2020-12-23,-65,35,"Google"
"Greater London","Residential",2020-12-23,25,125,"Google"
"Greater London","Workplaces",2020-12-24,-72,28,"Google"
"Greater London","Residential",2020-12-24,27,127,"Google"
"Greater London","Workplaces",2020-12-25,-88,12,"Google"
"Greater London","Residential",2020-12-25,37,137,"Google"
"Greater London","Workplaces",2020-12-26,-56,44,"Google"
"Greater London","Residential",2020-12-26,20,120,"Google"
"Greater London","Workplaces",2020-12-27,-35,65,"Google"
"Greater London","Residential",2020-12-27,12,112,"Google"
"Greater London","Workplaces",2020-12-28,-80,20,"Google"
"Greater London","Residential",2020-12-28,31,131,"Google"
"Greater London","Workplaces",2020-12-29,-72,28,"Google"
"Greater London","Residential",2020-12-29,28,128,"Google"
"Greater London","Workplaces",2020-12-30,-71,29,"Google"
"Greater London","Residential",2020-12-30,28,128,"Google"
"Greater London","Workplaces",2020-12-31,-73,27,"Google"
"Greater London","Residential",2020-12-31,29,129,"Google"
"Greater London","Workplaces",2021-01-01,-84,16,"Google"
"Greater London","Residential",2021-01-01,36,136,"Google"
"Greater London","Workplaces",2021-01-02,-42,58,"Google"
"Greater London","Residential",2021-01-02,18,118,"Google"
"Greater London","Workplaces",2021-01-03,-34,66,"Google"
"Greater London","Residential",2021-01-03,13,113,"Google"
"Greater London","Workplaces",2021-01-04,-61,39,"Google"
"Greater London","Residential",2021-01-04,25,125,"Google"
"Greater London","Workplaces",2021-01-05,-63,37,"Google"
"Greater London","Residential",2021-01-05,27,127,"Google"
"Greater London","Workplaces",2021-01-06,-62,38,"Google"
"Greater London","Residential",2021-01-06,27,127,"Google"
"Greater London","Workplaces",2021-01-07,-62,38,"Google"
"Greater London","Residential",2021-01-07,28,128,"Google"
"Greater London","Workplaces",2021-01-08,-61,39,"Google"
"Greater London","Residential",2021-01-08,28,128,"Google"
"Greater London","Workplaces",2021-01-09,-37,63,"Google"
"Greater London","Residential",2021-01-09,17,117,"Google"
"Greater London","Workplaces",2021-01-10,-37,63,"Google"
"Greater London","Residential",2021-01-10,14,114,"Google"
"Greater London","Workplaces",2021-01-11,-62,38,"Google"
"Greater London","Residential",2021-01-11,26,126,"Google"
"Greater London","Workplaces",2021-01-12,-63,37,"Google"
"Greater London","Residential",2021-01-12,27,127,"Google"
"Greater London","Workplaces",2021-01-13,-63,37,"Google"
"Greater London","Residential",2021-01-13,27,127,"Google"
"Greater London","Workplaces",2021-01-14,-64,36,"Google"
"Greater London","Residential",2021-01-14,28,128,"Google"
"Greater London","Workplaces",2021-01-15,-62,38,"Google"
"Greater London","Residential",2021-01-15,27,127,"Google"
"Greater London","Workplaces",2021-01-16,-40,60,"Google"
"Greater London","Residential",2021-01-16,18,118,"Google"
"Greater London","Workplaces",2021-01-17,-37,63,"Google"
"Greater London","Residential",2021-01-17,13,113,"Google"
"Greater London","Workplaces",2021-01-18,-63,37,"Google"
"Greater London","Residential",2021-01-18,25,125,"Google"
"Greater London","Workplaces",2021-01-19,-64,36,"Google"
"Greater London","Residential",2021-01-19,26,126,"Google"
"Greater London","Workplaces",2021-01-20,-63,37,"Google"
"Greater London","Residential",2021-01-20,27,127,"Google"
"Greater London","Workplaces",2021-01-21,-63,37,"Google"
"Greater London","Residential",2021-01-21,27,127,"Google"
"Greater London","Workplaces",2021-01-22,-60,40,"Google"
"Greater London","Residential",2021-01-22,26,126,"Google"
"Greater London","Workplaces",2021-01-23,-37,63,"Google"
"Greater London","Residential",2021-01-23,16,116,"Google"
"Greater London","Workplaces",2021-01-24,-40,60,"Google"
"Greater London","Residential",2021-01-24,14,114,"Google"
"Greater London","Workplaces",2021-01-25,-62,38,"Google"
"Greater London","Residential",2021-01-25,25,125,"Google"
"Greater London","Workplaces",2021-01-26,-63,37,"Google"
"Greater London","Residential",2021-01-26,26,126,"Google"
"Greater London","Workplaces",2021-01-27,-62,38,"Google"
"Greater London","Residential",2021-01-27,26,126,"Google"
"Greater London","Workplaces",2021-01-28,-62,38,"Google"
"Greater London","Residential",2021-01-28,26,126,"Google"
"Greater London","Workplaces",2021-01-29,-60,40,"Google"
"Greater London","Residential",2021-01-29,26,126,"Google"
"Greater London","Workplaces",2021-01-30,-39,61,"Google"
"Greater London","Residential",2021-01-30,17,117,"Google"
"Greater London","Workplaces",2021-01-31,-37,63,"Google"
"Greater London","Residential",2021-01-31,13,113,"Google"
"Greater London","Workplaces",2021-02-01,-62,38,"Google"
"Greater London","Residential",2021-02-01,24,124,"Google"
"Greater London","Workplaces",2021-02-02,-62,38,"Google"
"Greater London","Residential",2021-02-02,25,125,"Google"
"Greater London","Workplaces",2021-02-03,-61,39,"Google"
"Greater London","Residential",2021-02-03,26,126,"Google"
"Greater London","Workplaces",2021-02-04,-61,39,"Google"
"Greater London","Residential",2021-02-04,26,126,"Google"
"Greater London","Workplaces",2021-02-05,-59,41,"Google"
"Greater London","Residential",2021-02-05,25,125,"Google"
"Greater London","Workplaces",2021-02-06,-36,64,"Google"
"Greater London","Residential",2021-02-06,15,115,"Google"
"Greater London","Workplaces",2021-02-07,-40,60,"Google"
"Greater London","Residential",2021-02-07,14,114,"Google"
"Greater London","Workplaces",2021-02-08,-63,37,"Google"
"Greater London","Residential",2021-02-08,25,125,"Google"
"Greater London","Workplaces",2021-02-09,-63,37,"Google"
"Greater London","Residential",2021-02-09,26,126,"Google"
"Greater London","Workplaces",2021-02-10,-61,39,"Google"
"Greater London","Residential",2021-02-10,26,126,"Google"
"Greater London","Workplaces",2021-02-11,-61,39,"Google"
"Greater London","Residential",2021-02-11,26,126,"Google"
"Greater London","Workplaces",2021-02-12,-59,41,"Google"
"Greater London","Residential",2021-02-12,26,126,"Google"
"Greater London","Workplaces",2021-02-13,-36,64,"Google"
"Greater London","Residential",2021-02-13,15,115,"Google"
"Greater London","Workplaces",2021-02-14,-35,65,"Google"
"Greater London","Residential",2021-02-14,13,113,"Google"
"Greater London","Workplaces",2021-02-15,-63,37,"Google"
"Greater London","Residential",2021-02-15,23,123,"Google"
"Greater London","Workplaces",2021-02-16,-63,37,"Google"
"Greater London","Residential",2021-02-16,25,125,"Google"
"Greater London","Workplaces",2021-02-17,-62,38,"Google"
"Greater London","Residential",2021-02-17,25,125,"Google"
"Greater London","Workplaces",2021-02-18,-62,38,"Google"
"Greater London","Residential",2021-02-18,25,125,"Google"
"Greater London","Workplaces",2021-02-19,-60,40,"Google"
"Greater London","Residential",2021-02-19,25,125,"Google"
"Greater London","Workplaces",2021-02-20,-33,67,"Google"
"Greater London","Residential",2021-02-20,14,114,"Google"
"Greater London","Workplaces",2021-02-21,-32,68,"Google"
"Greater London","Residential",2021-02-21,11,111,"Google"
"Greater London","Workplaces",2021-02-22,-59,41,"Google"
"Greater London","Residential",2021-02-22,23,123,"Google"
"Greater London","Workplaces",2021-02-23,-59,41,"Google"
"Greater London","Residential",2021-02-23,23,123,"Google"
"Greater London","Workplaces",2021-02-24,-58,42,"Google"
"Greater London","Residential",2021-02-24,24,124,"Google"
"Greater London","Workplaces",2021-02-25,-58,42,"Google"
"Greater London","Residential",2021-02-25,25,125,"Google"
"Greater London","Workplaces",2021-02-26,-56,44,"Google"
"Greater London","Residential",2021-02-26,23,123,"Google"
"Greater London","Workplaces",2021-02-27,-30,70,"Google"
"Greater London","Residential",2021-02-27,12,112,"Google"
"Greater London","Workplaces",2021-02-28,-31,69,"Google"
"Greater London","Residential",2021-02-28,11,111,"Google"
"Greater London","Workplaces",2021-03-01,-58,42,"Google"
"Greater London","Residential",2021-03-01,22,122,"Google"
"Greater London","Workplaces",2021-03-02,-59,41,"Google"
"Greater London","Residential",2021-03-02,23,123,"Google"
"Greater London","Workplaces",2021-03-03,-58,42,"Google"
"Greater London","Residential",2021-03-03,24,124,"Google"
"Greater London","Workplaces",2021-03-04,-58,42,"Google"
"Greater London","Residential",2021-03-04,24,124,"Google"
"Greater London","Workplaces",2021-03-05,-55,45,"Google"
"Greater London","Residential",2021-03-05,24,124,"Google"
"Greater London","Workplaces",2021-03-06,-31,69,"Google"
"Greater London","Residential",2021-03-06,14,114,"Google"
"Greater London","Workplaces",2021-03-07,-30,70,"Google"
"Greater London","Residential",2021-03-07,11,111,"Google"
"Greater London","Workplaces",2021-03-08,-56,44,"Google"
"Greater London","Residential",2021-03-08,20,120,"Google"
"Greater London","Workplaces",2021-03-09,-55,45,"Google"
"Greater London","Residential",2021-03-09,20,120,"Google"
"Greater London","Workplaces",2021-03-10,-54,46,"Google"
"Greater London","Residential",2021-03-10,22,122,"Google"
"Greater London","Workplaces",2021-03-11,-54,46,"Google"
"Greater London","Residential",2021-03-11,22,122,"Google"
"Greater London","Workplaces",2021-03-12,-51,49,"Google"
"Greater London","Residential",2021-03-12,21,121,"Google"
"Greater London","Workplaces",2021-03-13,-30,70,"Google"
"Greater London","Residential",2021-03-13,13,113,"Google"
"Greater London","Workplaces",2021-03-14,-25,75,"Google"
"Greater London","Residential",2021-03-14,10,110,"Google"
"Greater London","Workplaces",2021-03-15,-53,47,"Google"
"Greater London","Residential",2021-03-15,19,119,"Google"
"Greater London","Workplaces",2021-03-16,-54,46,"Google"
"Greater London","Residential",2021-03-16,20,120,"Google"
"Greater London","Workplaces",2021-03-17,-52,48,"Google"
"Greater London","Residential",2021-03-17,20,120,"Google"
"Greater London","Workplaces",2021-03-18,-53,47,"Google"
"Greater London","Residential",2021-03-18,21,121,"Google"
"Greater London","Workplaces",2021-03-19,-50,50,"Google"
"Greater London","Residential",2021-03-19,19,119,"Google"
"Greater London","Workplaces",2021-03-20,-29,71,"Google"
"Greater London","Residential",2021-03-20,13,113,"Google"
"Greater London","Workplaces",2021-03-21,-27,73,"Google"
"Greater London","Residential",2021-03-21,10,110,"Google"
"Greater London","Workplaces",2021-03-22,-52,48,"Google"
"Greater London","Residential",2021-03-22,18,118,"Google"
"Greater London","Workplaces",2021-03-23,-53,47,"Google"
"Greater London","Residential",2021-03-23,19,119,"Google"
"Greater London","Workplaces",2021-03-24,-51,49,"Google"
"Greater London","Residential",2021-03-24,20,120,"Google"
"Greater London","Workplaces",2021-03-25,-52,48,"Google"
"Greater London","Residential",2021-03-25,21,121,"Google"
"Greater London","Workplaces",2021-03-26,-50,50,"Google"
"Greater London","Residential",2021-03-26,21,121,"Google"
"Greater London","Workplaces",2021-03-27,-28,72,"Google"
"Greater London","Residential",2021-03-27,12,112,"Google"
"Greater London","Workplaces",2021-03-28,-30,70,"Google"
"Greater London","Residential",2021-03-28,11,111,"Google"
"Greater London","Workplaces",2021-03-29,-52,48,"Google"
"Greater London","Residential",2021-03-29,17,117,"Google"
"Greater London","Workplaces",2021-03-30,-52,48,"Google"
"Greater London","Residential",2021-03-30,16,116,"Google"
"Greater London","Workplaces",2021-03-31,-51,49,"Google"
"Greater London","Residential",2021-03-31,18,118,"Google"
"Greater London","Workplaces",2021-04-01,-54,46,"Google"
"Greater London","Residential",2021-04-01,18,118,"Google"
"Greater London","Workplaces",2021-04-02,-74,26,"Google"
"Greater London","Residential",2021-04-02,26,126,"Google"
"Greater London","Workplaces",2021-04-03,-34,66,"Google"
"Greater London","Residential",2021-04-03,11,111,"Google"
"Greater London","Workplaces",2021-04-04,-31,69,"Google"
"Greater London","Residential",2021-04-04,6,106,"Google"
"Greater London","Workplaces",2021-04-05,-79,21,"Google"
"Greater London","Residential",2021-04-05,26,126,"Google"
"Greater London","Workplaces",2021-04-06,-60,40,"Google"
"Greater London","Residential",2021-04-06,21,121,"Google"
"Greater London","Workplaces",2021-04-07,-58,42,"Google"
"Greater London","Residential",2021-04-07,21,121,"Google"
"Greater London","Workplaces",2021-04-08,-58,42,"Google"
"Greater London","Residential",2021-04-08,21,121,"Google"
"Greater London","Workplaces",2021-04-09,-55,45,"Google"
"Greater London","Residential",2021-04-09,20,120,"Google"
"Greater London","Workplaces",2021-04-10,-28,72,"Google"
"Greater London","Residential",2021-04-10,12,112,"Google"
"Greater London","Workplaces",2021-04-11,-25,75,"Google"
"Greater London","Residential",2021-04-11,8,108,"Google"
"Greater London","Workplaces",2021-04-12,-56,44,"Google"
"Greater London","Residential",2021-04-12,16,116,"Google"
"Greater London","Workplaces",2021-04-13,-57,43,"Google"
"Greater London","Residential",2021-04-13,17,117,"Google"
"Greater London","Workplaces",2021-04-14,-56,44,"Google"
"Greater London","Residential",2021-04-14,18,118,"Google"
"Greater London","Workplaces",2021-04-15,-55,45,"Google"
"Greater London","Residential",2021-04-15,18,118,"Google"
"Greater London","Workplaces",2021-04-16,-53,47,"Google"
"Greater London","Residential",2021-04-16,16,116,"Google"
"Greater London","Workplaces",2021-04-17,-22,78,"Google"
"Greater London","Residential",2021-04-17,6,106,"Google"
"Greater London","Workplaces",2021-04-18,-20,80,"Google"
"Greater London","Residential",2021-04-18,5,105,"Google"
"Greater London","Workplaces",2021-04-19,-47,53,"Google"
"Greater London","Residential",2021-04-19,15,115,"Google"
"Greater London","Workplaces",2021-04-20,-47,53,"Google"
"Greater London","Residential",2021-04-20,15,115,"Google"
"Greater London","Workplaces",2021-04-21,-46,54,"Google"
"Greater London","Residential",2021-04-21,16,116,"Google"
"Greater London","Workplaces",2021-04-22,-45,55,"Google"
"Greater London","Residential",2021-04-22,15,115,"Google"
"Greater London","Workplaces",2021-04-23,-43,57,"Google"
"Greater London","Residential",2021-04-23,14,114,"Google"
"Greater London","Workplaces",2021-04-24,-20,80,"Google"
"Greater London","Residential",2021-04-24,5,105,"Google"
"Greater London","Workplaces",2021-04-25,-20,80,"Google"
"Greater London","Residential",2021-04-25,6,106,"Google"
"Greater London","Workplaces",2021-04-26,-45,55,"Google"
"Greater London","Residential",2021-04-26,15,115,"Google"
"Greater London","Workplaces",2021-04-27,-46,54,"Google"
"Greater London","Residential",2021-04-27,15,115,"Google"
"Greater London","Workplaces",2021-04-28,-45,55,"Google"
"Greater London","Residential",2021-04-28,16,116,"Google"
"Greater London","Workplaces",2021-04-29,-45,55,"Google"
"Greater London","Residential",2021-04-29,15,115,"Google"
"Greater London","Workplaces",2021-04-30,-42,58,"Google"
"Greater London","Residential",2021-04-30,14,114,"Google"
"Greater London","Workplaces",2021-05-01,-21,79,"Google"
"Greater London","Residential",2021-05-01,6,106,"Google"
"Greater London","Workplaces",2021-05-02,-20,80,"Google"
"Greater London","Residential",2021-05-02,4,104,"Google"
"Greater London","Workplaces",2021-05-03,-77,23,"Google"
"Greater London","Residential",2021-05-03,23,123,"Google"
"Greater London","Workplaces",2021-05-04,-46,54,"Google"
"Greater London","Residential",2021-05-04,16,116,"Google"
"Greater London","Workplaces",2021-05-05,-44,56,"Google"
"Greater London","Residential",2021-05-05,16,116,"Google"
"Greater London","Workplaces",2021-05-06,-45,55,"Google"
"Greater London","Residential",2021-05-06,15,115,"Google"
"Greater London","Workplaces",2021-05-07,-41,59,"Google"
"Greater London","Residential",2021-05-07,14,114,"Google"
"Greater London","Workplaces",2021-05-08,-21,79,"Google"
"Greater London","Residential",2021-05-08,9,109,"Google"
"Greater London","Workplaces",2021-05-09,-17,83,"Google"
"Greater London","Residential",2021-05-09,5,105,"Google"
"Greater London","Workplaces",2021-05-10,-45,55,"Google"
"Greater London","Residential",2021-05-10,14,114,"Google"
"Greater London","Workplaces",2021-05-11,-44,56,"Google"
"Greater London","Residential",2021-05-11,14,114,"Google"
"Greater London","Workplaces",2021-05-12,-44,56,"Google"
"Greater London","Residential",2021-05-12,14,114,"Google"
"Greater London","Workplaces",2021-05-13,-47,53,"Google"
"Greater London","Residential",2021-05-13,15,115,"Google"
"Greater London","Workplaces",2021-05-14,-42,58,"Google"
"Greater London","Residential",2021-05-14,14,114,"Google"
"Greater London","Workplaces",2021-05-15,-21,79,"Google"
"Greater London","Residential",2021-05-15,7,107,"Google"
"Greater London","Workplaces",2021-05-16,-18,82,"Google"
"Greater London","Residential",2021-05-16,7,107,"Google"
"Greater London","Workplaces",2021-05-17,-44,56,"Google"
"Greater London","Residential",2021-05-17,14,114,"Google"
"Greater London","Workplaces",2021-05-18,-44,56,"Google"
"Greater London","Residential",2021-05-18,13,113,"Google"
"Greater London","Workplaces",2021-05-19,-42,58,"Google"
"Greater London","Residential",2021-05-19,13,113,"Google"
"Greater London","Workplaces",2021-05-20,-42,58,"Google"
"Greater London","Residential",2021-05-20,14,114,"Google"
"Greater London","Workplaces",2021-05-21,-40,60,"Google"
"Greater London","Residential",2021-05-21,13,113,"Google"
"Greater London","Workplaces",2021-05-22,-16,84,"Google"
"Greater London","Residential",2021-05-22,4,104,"Google"
"Greater London","Workplaces",2021-05-23,-15,85,"Google"
"Greater London","Residential",2021-05-23,4,104,"Google"
"Greater London","Workplaces",2021-05-24,-43,57,"Google"
"Greater London","Residential",2021-05-24,14,114,"Google"
"Greater London","Workplaces",2021-05-25,-43,57,"Google"
"Greater London","Residential",2021-05-25,13,113,"Google"
"Greater London","Workplaces",2021-05-26,-41,59,"Google"
"Greater London","Residential",2021-05-26,13,113,"Google"
"Greater London","Workplaces",2021-05-27,-40,60,"Google"
"Greater London","Residential",2021-05-27,12,112,"Google"
"Greater London","Workplaces",2021-05-28,-39,61,"Google"
"Greater London","Residential",2021-05-28,10,110,"Google"
"Greater London","Workplaces",2021-05-29,-15,85,"Google"
"Greater London","Residential",2021-05-29,1,101,"Google"
"Greater London","Workplaces",2021-05-30,-14,86,"Google"
"Greater London","Residential",2021-05-30,-1,99,"Google"
"Greater London","Workplaces",2021-05-31,-76,24,"Google"
"Greater London","Residential",2021-05-31,14,114,"Google"
"Greater London","Workplaces",2021-06-01,-53,47,"Google"
"Greater London","Residential",2021-06-01,12,112,"Google"
"Greater London","Workplaces",2021-06-02,-51,49,"Google"
"Greater London","Residential",2021-06-02,13,113,"Google"
"Greater London","Workplaces",2021-06-03,-51,49,"Google"
"Greater London","Residential",2021-06-03,13,113,"Google"
"Greater London","Workplaces",2021-06-04,-49,51,"Google"
"Greater London","Residential",2021-06-04,14,114,"Google"
"Greater London","Workplaces",2021-06-05,-11,89,"Google"
"Greater London","Residential",2021-06-05,1,101,"Google"
"Greater London","Workplaces",2021-06-06,-9,91,"Google"
"Greater London","Residential",2021-06-06,2,102,"Google"
"Greater London","Workplaces",2021-06-07,-42,58,"Google"
"Greater London","Residential",2021-06-07,12,112,"Google"
"Greater London","Workplaces",2021-06-08,-41,59,"Google"
"Greater London","Residential",2021-06-08,12,112,"Google"
"Greater London","Workplaces",2021-06-09,-40,60,"Google"
"Greater London","Residential",2021-06-09,12,112,"Google"
"Greater London","Workplaces",2021-06-10,-39,61,"Google"
"Greater London","Residential",2021-06-10,12,112,"Google"
"Greater London","Workplaces",2021-06-11,-37,63,"Google"
"Greater London","Residential",2021-06-11,11,111,"Google"
"Greater London","Workplaces",2021-06-12,-10,90,"Google"
"Greater London","Residential",2021-06-12,1,101,"Google"
"Greater London","Workplaces",2021-06-13,-9,91,"Google"
"Greater London","Residential",2021-06-13,0,100,"Google"
"Greater London","Workplaces",2021-06-14,-41,59,"Google"
"Greater London","Residential",2021-06-14,12,112,"Google"
"Greater London","Workplaces",2021-06-15,-40,60,"Google"
"Greater London","Residential",2021-06-15,12,112,"Google"
"Greater London","Workplaces",2021-06-16,-40,60,"Google"
"Greater London","Residential",2021-06-16,12,112,"Google"
"Greater London","Workplaces",2021-06-17,-41,59,"Google"
"Greater London","Residential",2021-06-17,13,113,"Google"
"Greater London","Workplaces",2021-06-18,-39,61,"Google"
"Greater London","Residential",2021-06-18,13,113,"Google"
"Greater London","Workplaces",2021-06-19,-11,89,"Google"
"Greater London","Residential",2021-06-19,4,104,"Google"
"Greater London","Workplaces",2021-06-20,-8,92,"Google"
"Greater London","Residential",2021-06-20,3,103,"Google"
"Greater London","Workplaces",2021-06-21,-42,58,"Google"
"Greater London","Residential",2021-06-21,14,114,"Google"
"Greater London","Workplaces",2021-06-22,-41,59,"Google"
"Greater London","Residential",2021-06-22,13,113,"Google"
"Greater London","Workplaces",2021-06-23,-40,60,"Google"
"Greater London","Residential",2021-06-23,12,112,"Google"
"Greater London","Workplaces",2021-06-24,-40,60,"Google"
"Greater London","Residential",2021-06-24,12,112,"Google"
"Greater London","Workplaces",2021-06-25,-38,62,"Google"
"Greater London","Residential",2021-06-25,11,111,"Google"
"Greater London","Workplaces",2021-06-26,-10,90,"Google"
"Greater London","Residential",2021-06-26,2,102,"Google"
"Greater London","Workplaces",2021-06-27,-9,91,"Google"
"Greater London","Residential",2021-06-27,3,103,"Google"
"Greater London","Workplaces",2021-06-28,-42,58,"Google"
"Greater London","Residential",2021-06-28,12,112,"Google"
"Greater London","Workplaces",2021-06-29,-43,57,"Google"
"Greater London","Residential",2021-06-29,12,112,"Google"
"Greater London","Workplaces",2021-06-30,-41,59,"Google"
"Greater London","Residential",2021-06-30,11,111,"Google"
"Greater London","Workplaces",2021-07-01,-40,60,"Google"
"Greater London","Residential",2021-07-01,12,112,"Google"
"Greater London","Workplaces",2021-07-02,-38,62,"Google"
"Greater London","Residential",2021-07-02,11,111,"Google"
"Greater London","Workplaces",2021-07-03,-10,90,"Google"
"Greater London","Residential",2021-07-03,3,103,"Google"
"Greater London","Workplaces",2021-07-04,-9,91,"Google"
"Greater London","Residential",2021-07-04,3,103,"Google"
"Greater London","Workplaces",2021-07-05,-41,59,"Google"
"Greater London","Residential",2021-07-05,12,112,"Google"
"Greater London","Workplaces",2021-07-06,-42,58,"Google"
"Greater London","Residential",2021-07-06,14,114,"Google"
"Greater London","Workplaces",2021-07-07,-41,59,"Google"
"Greater London","Residential",2021-07-07,12,112,"Google"
"Greater London","Workplaces",2021-07-08,-41,59,"Google"
"Greater London","Residential",2021-07-08,13,113,"Google"
"Greater London","Workplaces",2021-07-09,-39,61,"Google"
"Greater London","Residential",2021-07-09,11,111,"Google"
"Greater London","Workplaces",2021-07-10,-11,89,"Google"
"Greater London","Residential",2021-07-10,3,103,"Google"
"Greater London","Workplaces",2021-07-11,-6,94,"Google"
"Greater London","Residential",2021-07-11,0,100,"Google"
"Greater London","Workplaces",2021-07-12,-45,55,"Google"
"Greater London","Residential",2021-07-12,14,114,"Google"
"Greater London","Workplaces",2021-07-13,-43,57,"Google"
"Greater London","Residential",2021-07-13,13,113,"Google"
"Greater London","Workplaces",2021-07-14,-42,58,"Google"
"Greater London","Residential",2021-07-14,13,113,"Google"
"Greater London","Workplaces",2021-07-15,-42,58,"Google"
"Greater London","Residential",2021-07-15,13,113,"Google"
"Greater London","Workplaces",2021-07-16,-40,60,"Google"
"Greater London","Residential",2021-07-16,10,110,"Google"
"Greater London","Workplaces",2021-07-17,-11,89,"Google"
"Greater London","Residential",2021-07-17,1,101,"Google"
"Greater London","Workplaces",2021-07-18,-9,91,"Google"
"Greater London","Residential",2021-07-18,0,100,"Google"
"Greater London","Workplaces",2021-07-19,-46,54,"Google"
"Greater London","Residential",2021-07-19,12,112,"Google"
"Greater London","Workplaces",2021-07-20,-48,52,"Google"
"Greater London","Residential",2021-07-20,12,112,"Google"
"Greater London","Workplaces",2021-07-21,-45,55,"Google"
"Greater London","Residential",2021-07-21,12,112,"Google"
"Greater London","Workplaces",2021-07-22,-46,54,"Google"
"Greater London","Residential",2021-07-22,12,112,"Google"
"Greater London","Workplaces",2021-07-23,-45,55,"Google"
"Greater London","Residential",2021-07-23,11,111,"Google"
"Greater London","Workplaces",2021-07-24,-12,88,"Google"
"Greater London","Residential",2021-07-24,3,103,"Google"
"Greater London","Workplaces",2021-07-25,-10,90,"Google"
"Greater London","Residential",2021-07-25,2,102,"Google"
"Greater London","Workplaces",2021-07-26,-51,49,"Google"
"Greater London","Residential",2021-07-26,13,113,"Google"
"Greater London","Workplaces",2021-07-27,-51,49,"Google"
"Greater London","Residential",2021-07-27,14,114,"Google"
"Greater London","Workplaces",2021-07-28,-50,50,"Google"
"Greater London","Residential",2021-07-28,14,114,"Google"
"Greater London","Workplaces",2021-07-29,-49,51,"Google"
"Greater London","Residential",2021-07-29,12,112,"Google"
"Greater London","Workplaces",2021-07-30,-49,51,"Google"
"Greater London","Residential",2021-07-30,13,113,"Google"
"Greater London","Workplaces",2021-07-31,-12,88,"Google"
"Greater London","Residential",2021-07-31,2,102,"Google"
"Greater London","Workplaces",2021-08-01,-9,91,"Google"
"Greater London","Residential",2021-08-01,1,101,"Google"
"Greater London","Workplaces",2021-08-02,-52,48,"Google"
"Greater London","Residential",2021-08-02,13,113,"Google"
"Greater London","Workplaces",2021-08-03,-52,48,"Google"
"Greater London","Residential",2021-08-03,13,113,"Google"
"Greater London","Workplaces",2021-08-04,-51,49,"Google"
"Greater London","Residential",2021-08-04,12,112,"Google"
"Greater London","Workplaces",2021-08-05,-51,49,"Google"
"Greater London","Residential",2021-08-05,13,113,"Google"
"Greater London","Workplaces",2021-08-06,-49,51,"Google"
"Greater London","Residential",2021-08-06,12,112,"Google"
"Greater London","Workplaces",2021-08-07,-14,86,"Google"
"Greater London","Residential",2021-08-07,3,103,"Google"
"Greater London","Workplaces",2021-08-08,-10,90,"Google"
"Greater London","Residential",2021-08-08,1,101,"Google"
"Greater London","Workplaces",2021-08-09,-53,47,"Google"
"Greater London","Residential",2021-08-09,14,114,"Google"
"Greater London","Workplaces",2021-08-10,-52,48,"Google"
"Greater London","Residential",2021-08-10,12,112,"Google"
"Greater London","Workplaces",2021-08-11,-51,49,"Google"
"Greater London","Residential",2021-08-11,12,112,"Google"
"Greater London","Workplaces",2021-08-12,-51,49,"Google"
"Greater London","Residential",2021-08-12,12,112,"Google"
"Greater London","Workplaces",2021-08-13,-49,51,"Google"
"Greater London","Residential",2021-08-13,11,111,"Google"
"Greater London","Workplaces",2021-08-14,-12,88,"Google"
"Greater London","Residential",2021-08-14,0,100,"Google"
"Greater London","Workplaces",2021-08-15,-9,91,"Google"
"Greater London","Residential",2021-08-15,-1,99,"Google"
"Greater London","Workplaces",2021-08-16,-53,47,"Google"
"Greater London","Residential",2021-08-16,12,112,"Google"
"Greater London","Workplaces",2021-08-17,-53,47,"Google"
"Greater London","Residential",2021-08-17,13,113,"Google"
"Greater London","Workplaces",2021-08-18,-49,51,"Google"
"Greater London","Residential",2021-08-18,12,112,"Google"
"Greater London","Workplaces",2021-08-19,-50,50,"Google"
"Greater London","Residential",2021-08-19,12,112,"Google"
"Greater London","Workplaces",2021-08-20,-48,52,"Google"
"Greater London","Residential",2021-08-20,11,111,"Google"
"Greater London","Workplaces",2021-08-21,-13,87,"Google"
"Greater London","Residential",2021-08-21,2,102,"Google"
"Greater London","Workplaces",2021-08-22,-8,92,"Google"
"Greater London","Residential",2021-08-22,0,100,"Google"
"Greater London","Workplaces",2021-08-23,-51,49,"Google"
"Greater London","Residential",2021-08-23,12,112,"Google"
"Greater London","Workplaces",2021-08-24,-51,49,"Google"
"Greater London","Residential",2021-08-24,12,112,"Google"
"Greater London","Workplaces",2021-08-25,-50,50,"Google"
"Greater London","Residential",2021-08-25,12,112,"Google"
"Greater London","Workplaces",2021-08-26,-50,50,"Google"
"Greater London","Residential",2021-08-26,12,112,"Google"
"Greater London","Workplaces",2021-08-27,-49,51,"Google"
"Greater London","Residential",2021-08-27,10,110,"Google"
"Greater London","Workplaces",2021-08-28,-14,86,"Google"
"Greater London","Residential",2021-08-28,0,100,"Google"
"Greater London","Workplaces",2021-08-29,-9,91,"Google"
"Greater London","Residential",2021-08-29,-2,98,"Google"
"Greater London","Workplaces",2021-08-30,-75,25,"Google"
"Greater London","Residential",2021-08-30,16,116,"Google"
"Greater London","Workplaces",2021-08-31,-51,49,"Google"
"Greater London","Residential",2021-08-31,13,113,"Google"
"Greater London","Workplaces",2021-09-01,-46,54,"Google"
"Greater London","Residential",2021-09-01,12,112,"Google"
"Greater London","Workplaces",2021-09-02,-45,55,"Google"
"Greater London","Residential",2021-09-02,12,112,"Google"
"Greater London","Workplaces",2021-09-03,-42,58,"Google"
"Greater London","Residential",2021-09-03,10,110,"Google"
"Greater London","Workplaces",2021-09-04,-10,90,"Google"
"Greater London","Residential",2021-09-04,2,102,"Google"
"Greater London","Workplaces",2021-09-05,-6,94,"Google"
"Greater London","Residential",2021-09-05,0,100,"Google"
"Greater London","Workplaces",2021-09-06,-44,56,"Google"
"Greater London","Residential",2021-09-06,10,110,"Google"
"Greater London","Workplaces",2021-09-07,-43,57,"Google"
"Greater London","Residential",2021-09-07,10,110,"Google"
"Greater London","Workplaces",2021-09-08,-42,58,"Google"
"Greater London","Residential",2021-09-08,10,110,"Google"
"Greater London","Workplaces",2021-09-09,-41,59,"Google"
"Greater London","Residential",2021-09-09,10,110,"Google"
"Greater London","Workplaces",2021-09-10,-39,61,"Google"
"Greater London","Residential",2021-09-10,9,109,"Google"
"Greater London","Workplaces",2021-09-11,-10,90,"Google"
"Greater London","Residential",2021-09-11,1,101,"Google"
"Greater London","Workplaces",2021-09-12,-7,93,"Google"
"Greater London","Residential",2021-09-12,1,101,"Google"
"Greater London","Workplaces",2021-09-13,-42,58,"Google"
"Greater London","Residential",2021-09-13,10,110,"Google"
"Greater London","Workplaces",2021-09-14,-44,56,"Google"
"Greater London","Residential",2021-09-14,11,111,"Google"
"Greater London","Workplaces",2021-09-15,-41,59,"Google"
"Greater London","Residential",2021-09-15,9,109,"Google"
"Greater London","Workplaces",2021-09-16,-42,58,"Google"
"Greater London","Residential",2021-09-16,9,109,"Google"
"Greater London","Workplaces",2021-09-17,-41,59,"Google"
"Greater London","Residential",2021-09-17,8,108,"Google"
"Greater London","Workplaces",2021-09-18,-12,88,"Google"
"Greater London","Residential",2021-09-18,0,100,"Google"
"Greater London","Workplaces",2021-09-19,-10,90,"Google"
"Greater London","Residential",2021-09-19,2,102,"Google"
"Greater London","Workplaces",2021-09-20,-43,57,"Google"
"Greater London","Residential",2021-09-20,10,110,"Google"
"Greater London","Workplaces",2021-09-21,-42,58,"Google"
"Greater London","Residential",2021-09-21,9,109,"Google"
"Greater London","Workplaces",2021-09-22,-39,61,"Google"
"Greater London","Residential",2021-09-22,9,109,"Google"
"Greater London","Workplaces",2021-09-23,-39,61,"Google"
"Greater London","Residential",2021-09-23,9,109,"Google"
"Greater London","Workplaces",2021-09-24,-38,62,"Google"
"Greater London","Residential",2021-09-24,8,108,"Google"
"Greater London","Workplaces",2021-09-25,-11,89,"Google"
"Greater London","Residential",2021-09-25,1,101,"Google"
"Greater London","Workplaces",2021-09-26,-9,91,"Google"
"Greater London","Residential",2021-09-26,1,101,"Google"
"Greater London","Workplaces",2021-09-27,-42,58,"Google"
"Greater London","Residential",2021-09-27,11,111,"Google"
"Greater London","Workplaces",2021-09-28,-42,58,"Google"
"Greater London","Residential",2021-09-28,11,111,"Google"
"Greater London","Workplaces",2021-09-29,-40,60,"Google"
"Greater London","Residential",2021-09-29,10,110,"Google"
"Greater London","Workplaces",2021-09-30,-40,60,"Google"
"Greater London","Residential",2021-09-30,10,110,"Google"
"Greater London","Workplaces",2021-10-01,-39,61,"Google"
"Greater London","Residential",2021-10-01,10,110,"Google"
"Greater London","Workplaces",2021-10-02,-14,86,"Google"
"Greater London","Residential",2021-10-02,4,104,"Google"
"Greater London","Workplaces",2021-10-03,-10,90,"Google"
"Greater London","Residential",2021-10-03,2,102,"Google"
"Greater London","Workplaces",2021-10-04,-41,59,"Google"
"Greater London","Residential",2021-10-04,10,110,"Google"
"Greater London","Workplaces",2021-10-05,-41,59,"Google"
"Greater London","Residential",2021-10-05,10,110,"Google"
"Greater London","Workplaces",2021-10-06,-39,61,"Google"
"Greater London","Residential",2021-10-06,9,109,"Google"
"Greater London","Workplaces",2021-10-07,-38,62,"Google"
"Greater London","Residential",2021-10-07,9,109,"Google"
"Greater London","Workplaces",2021-10-08,-38,62,"Google"
"Greater London","Residential",2021-10-08,9,109,"Google"
"Greater London","Workplaces",2021-10-09,-11,89,"Google"
"Greater London","Residential",2021-10-09,1,101,"Google"
"Greater London","Workplaces",2021-10-10,-10,90,"Google"
"Greater London","Residential",2021-10-10,2,102,"Google"
"Greater London","Workplaces",2021-10-11,-40,60,"Google"
"Greater London","Residential",2021-10-11,10,110,"Google"
"Greater London","Workplaces",2021-10-12,-39,61,"Google"
"Greater London","Residential",2021-10-12,10,110,"Google"
"Greater London","Workplaces",2021-10-13,-38,62,"Google"
"Greater London","Residential",2021-10-13,9,109,"Google"
"Greater London","Workplaces",2021-10-14,-37,63,"Google"
"Greater London","Residential",2021-10-14,9,109,"Google"
"Greater London","Workplaces",2021-10-15,-37,63,"Google"
"Greater London","Residential",2021-10-15,9,109,"Google"
"Greater London","Workplaces",2021-10-16,-12,88,"Google"
"Greater London","Residential",2021-10-16,2,102,"Google"
"Greater London","Workplaces",2021-10-17,-10,90,"Google"
"Greater London","Residential",2021-10-17,2,102,"Google"
"Greater London","Workplaces",2021-10-18,-41,59,"Google"
"Greater London","Residential",2021-10-18,10,110,"Google"
